{
    "loss": 1.5533995628356934,
    "accuracy": 0.692307710647583
}