{
    "loss": 5.716816425323486,
    "accuracy": 0.3076923191547394
}