{
    "loss": 1.2838339805603027,
    "accuracy": 0.3076923191547394
}