{
    "loss": 7.9115071296691895,
    "accuracy": 0.692307710647583
}